ranker,oracle,k,NDCG,MAP,Recall,Precision,Comparisons,Comparisons_per_task,CacheHits,NDCG_per_comp
bm25,bidirectional,10,0.47964,0.1401,0.16436,0.53889,0,0.0,0,0.0
bubble sort (classic),bidirectional,10,0.67985,0.20665,0.22527,0.71481,251500,1257.5,226657,2.7031809145129223e-06
christmas tree,sampling,10,0.53741,0.16863,0.17943,0.57222,40939,204.695,0,1.3127091526417353e-05
jingle bells,sampling,10,0.58067,0.17149,0.18657,0.62778,13291,66.455,0,4.3688962455797154e-05
mohajer (ir),sampling,10,0.66726,0.20155,0.2186,0.71852,46235,231.175,0,1.4431923867200173e-05
mohajer + bubble,sampling,10,0.68964,0.20813,0.22593,0.72778,68834,344.17,0,1.001888601563181e-05
pac + bubble,sampling,10,0.60717,0.18213,0.1965,0.63704,36719,183.595,0,1.6535581034341893e-05
prp sort (classic),bidirectional,10,0.68815,0.20862,0.22769,0.73148,295446,1477.23,7628,2.3291904442774653e-06
quick sort (classic),bidirectional,10,0.66566,0.20101,0.22303,0.71852,304120,1520.6,0,2.188807049848744e-06
