ranker,oracle,k,NDCG,MAP,Recall,Precision,Comparisons,CacheHits,NDCG_per_comp
bm25,bidirectional,10,0.47964,0.1401,0.16436,0.53889,0,0,0.0
bubble sort (classic),bidirectional,10,0.67985,0.20665,0.22527,0.71481,251500,226657,2.7031809145129223e-06
christmas tree,sampling,10,0.53225,0.161,0.17228,0.57222,40916,0,1.3008358588327305e-05
jingle bells,sampling,10,0.58679,0.17088,0.18533,0.62963,13289,0,4.415606892918956e-05
mohajer (ir),sampling,10,0.67526,0.20628,0.22301,0.71111,46268,0,1.459453618051353e-05
mohajer + bubble,sampling,10,0.68118,0.21044,0.23044,0.73148,69308,0,9.828302649044843e-06
pac + bubble,sampling,10,0.60792,0.18499,0.19436,0.63889,36748,0,1.6542941112441495e-05
prp sort (classic),bidirectional,10,0.68815,0.20862,0.22769,0.73148,295446,7628,2.3291904442774653e-06
quick sort (classic),bidirectional,10,0.66566,0.20101,0.22303,0.71852,304120,0,2.188807049848744e-06
